{
    "1": {
        "macro": "INCR_M",
        "index": 1,
        "name": "MEM_VAL",
        "value": "---"
    },
    "2": {
        "macro": "INCR_M",
        "index": 2,
        "name": "INCR_VAL",
        "value": "---"
    },
    "3": {
        "macro": "INCR_M",
        "index": 3,
        "name": "REG",
        "value": "---"
    },
    "4": {
        "macro": "INCR_D",
        "index": 4,
        "name": "MEM_VAL",
        "value": "---"
    },
    "5": {
        "macro": "INCR_D",
        "index": 5,
        "name": "INCR_VAL",
        "value": "---"
    },
    "6": {
        "macro": "INCR_D",
        "index": 6,
        "name": "REG",
        "value": "AREG"
    }
}
